exec,otimizador,repeticao,parte,modelo,RMSE,R2
0,L-BFGS-B,1,1,ch,4990.242544,0.816942435
1,L-BFGS-B,1,2,ch,8934.274147,0.631923708
2,L-BFGS-B,1,3,ch,7601.887463,0.708785846
3,L-BFGS-B,1,4,ch,7017.522688,0.71580543
4,L-BFGS-B,1,5,ch,7224.032672,0.702578906
5,L-BFGS-B,1,6,ch,6875.40192,0.739298929
6,L-BFGS-B,1,7,ch,7870.817438,0.686940486
7,L-BFGS-B,1,8,ch,7234.457318,0.715924564
8,L-BFGS-B,1,9,ch,4676.956791,0.835961383
9,L-BFGS-B,1,10,ch,6944.081065,0.722128936
10,L-BFGS-B,2,1,ch,5065.958875,0.802971313
11,L-BFGS-B,2,2,ch,6471.216933,0.747070831
12,L-BFGS-B,2,3,ch,7029.691143,0.737317789
13,L-BFGS-B,2,4,ch,9127.155974,0.639406312
14,L-BFGS-B,2,5,ch,8413.046103,0.658123591
15,L-BFGS-B,2,6,ch,6793.282491,0.739751952
16,L-BFGS-B,2,7,ch,4768.878182,0.823369391
17,L-BFGS-B,2,8,ch,7605.681055,0.68489257
18,L-BFGS-B,2,9,ch,6990.22143,0.723135634
19,L-BFGS-B,2,10,ch,7003.153388,0.709069985
20,L-BFGS-B,3,1,ch,6477.869073,0.757296383
21,L-BFGS-B,3,2,ch,8194.612053,0.657949658
22,L-BFGS-B,3,3,ch,7389.10769,0.712879918
23,L-BFGS-B,3,4,ch,5666.379761,0.778136108
24,L-BFGS-B,3,5,ch,7144.882593,0.708051168
25,L-BFGS-B,3,6,ch,7245.662611,0.707249079
26,L-BFGS-B,3,7,ch,6156.01834,0.768666883
27,L-BFGS-B,3,8,ch,7152.154958,0.716586336
28,L-BFGS-B,3,9,ch,7317.383982,0.71206497
29,L-BFGS-B,3,10,ch,7318.918277,0.695498742
30,L-BFGS-B,4,1,ch,8075.383723,0.671070093
31,L-BFGS-B,4,2,ch,7098.238583,0.71364357
32,L-BFGS-B,4,3,ch,5696.962399,0.777351985
33,L-BFGS-B,4,4,ch,6676.026831,0.748953219
34,L-BFGS-B,4,5,ch,4725.15713,0.827873961
35,L-BFGS-B,4,6,ch,7903.937776,0.678007804
36,L-BFGS-B,4,7,ch,6339.257897,0.751652889
37,L-BFGS-B,4,8,ch,7737.279938,0.694067042
38,L-BFGS-B,4,9,ch,8075.43606,0.670738435
39,L-BFGS-B,4,10,ch,7285.182493,0.714305913
40,L-BFGS-B,5,1,ch,6982.783757,0.747165806
41,L-BFGS-B,5,2,ch,7824.789957,0.688606049
42,L-BFGS-B,5,3,ch,6448.182915,0.7487739
43,L-BFGS-B,5,4,ch,6906.378905,0.724210576
44,L-BFGS-B,5,5,ch,5837.910264,0.769752816
45,L-BFGS-B,5,6,ch,9849.563344,0.598834185
46,L-BFGS-B,5,7,ch,5906.007814,0.775705803
47,L-BFGS-B,5,8,ch,6576.652332,0.727352435
48,L-BFGS-B,5,9,ch,6271.452806,0.742544785
49,L-BFGS-B,5,10,ch,6914.005017,0.728737215
50,L-BFGS-B,6,1,ch,6407.677194,0.742461602
51,L-BFGS-B,6,2,ch,7011.145738,0.723635419
52,L-BFGS-B,6,3,ch,5834.975988,0.777625054
53,L-BFGS-B,6,4,ch,6211.392537,0.754512385
54,L-BFGS-B,6,5,ch,9232.362858,0.607808836
55,L-BFGS-B,6,6,ch,7790.721997,0.685919887
56,L-BFGS-B,6,7,ch,6835.126765,0.736330956
57,L-BFGS-B,6,8,ch,6064.018326,0.774191027
58,L-BFGS-B,6,9,ch,6990.230756,0.726500263
59,L-BFGS-B,6,10,ch,7387.565227,0.697308049
60,L-BFGS-B,7,1,ch,5764.666073,0.782952283
61,L-BFGS-B,7,2,ch,5696.343242,0.790482908
62,L-BFGS-B,7,3,ch,8020.718576,0.67828705
63,L-BFGS-B,7,4,ch,7803.693575,0.674807506
64,L-BFGS-B,7,5,ch,6490.505335,0.746917334
65,L-BFGS-B,7,6,ch,7376.623414,0.700753058
66,L-BFGS-B,7,7,ch,7692.753844,0.699320121
67,L-BFGS-B,7,8,ch,7133.933336,0.711756787
68,L-BFGS-B,7,9,ch,8189.733624,0.659080559
69,L-BFGS-B,7,10,ch,5573.891559,0.789271111
70,L-BFGS-B,8,1,ch,6376.583611,0.741039672
71,L-BFGS-B,8,2,ch,6985.011045,0.733672779
72,L-BFGS-B,8,3,ch,7712.513566,0.706827514
73,L-BFGS-B,8,4,ch,8158.997294,0.674445768
74,L-BFGS-B,8,5,ch,5555.00152,0.780247937
75,L-BFGS-B,8,6,ch,4856.343333,0.813718353
76,L-BFGS-B,8,7,ch,8939.844758,0.645438721
77,L-BFGS-B,8,8,ch,6243.782765,0.76039454
78,L-BFGS-B,8,9,ch,6365.503848,0.752777382
79,L-BFGS-B,8,10,ch,8162.982646,0.664106929
80,L-BFGS-B,9,1,ch,4586.377216,0.84029484
81,L-BFGS-B,9,2,ch,6536.158996,0.742506378
82,L-BFGS-B,9,3,ch,7533.583084,0.705091767
83,L-BFGS-B,9,4,ch,6605.997089,0.723242169
84,L-BFGS-B,9,5,ch,7286.016966,0.705473731
85,L-BFGS-B,9,6,ch,8216.492016,0.665114457
86,L-BFGS-B,9,7,ch,7465.723882,0.705030735
87,L-BFGS-B,9,8,ch,7065.996867,0.724173184
88,L-BFGS-B,9,9,ch,5479.699491,0.796552381
89,L-BFGS-B,9,10,ch,8686.634251,0.659860494
90,L-BFGS-B,10,1,ch,7164.702404,0.695921467
91,L-BFGS-B,10,2,ch,6760.06209,0.741443538
92,L-BFGS-B,10,3,ch,4981.236465,0.831414735
93,L-BFGS-B,10,4,ch,7575.634066,0.68608302
94,L-BFGS-B,10,5,ch,5754.829443,0.792599656
95,L-BFGS-B,10,6,ch,8692.445316,0.640351331
96,L-BFGS-B,10,7,ch,7241.75191,0.715277549
97,L-BFGS-B,10,8,ch,6982.673378,0.733348998
98,L-BFGS-B,10,9,ch,7799.938039,0.669611824
99,L-BFGS-B,10,10,ch,6758.777041,0.737395692
100,L-BFGS-B,11,1,ch,9105.220985,0.644029993
101,L-BFGS-B,11,2,ch,6243.818862,0.740850113
102,L-BFGS-B,11,3,ch,6722.060938,0.731905777
103,L-BFGS-B,11,4,ch,6592.007058,0.736298613
104,L-BFGS-B,11,5,ch,6812.523412,0.737914847
105,L-BFGS-B,11,6,ch,7482.889381,0.696940488
106,L-BFGS-B,11,7,ch,5500.793022,0.796432477
107,L-BFGS-B,11,8,ch,8096.159386,0.678722469
108,L-BFGS-B,11,9,ch,7484.29441,0.706344492
109,L-BFGS-B,11,10,ch,5566.360797,0.794589789
110,L-BFGS-B,12,1,ch,7204.311594,0.727741049
111,L-BFGS-B,12,2,ch,7245.803682,0.724423807
112,L-BFGS-B,12,3,ch,8437.899998,0.63077211
113,L-BFGS-B,12,4,ch,5480.120666,0.794049331
114,L-BFGS-B,12,5,ch,7295.271109,0.698875483
115,L-BFGS-B,12,6,ch,6683.214824,0.731422684
116,L-BFGS-B,12,7,ch,6350.801068,0.754916333
117,L-BFGS-B,12,8,ch,5518.550795,0.785866923
118,L-BFGS-B,12,9,ch,7515.804551,0.695194947
119,L-BFGS-B,12,10,ch,8067.27061,0.684521945
120,L-BFGS-B,13,1,ch,8054.384969,0.660569412
121,L-BFGS-B,13,2,ch,6055.979621,0.760274835
122,L-BFGS-B,13,3,ch,7962.3638,0.682277689
123,L-BFGS-B,13,4,ch,4543.574169,0.846711411
124,L-BFGS-B,13,5,ch,8149.650531,0.699053248
125,L-BFGS-B,13,6,ch,6598.623179,0.730025207
126,L-BFGS-B,13,7,ch,7693.528509,0.694002348
127,L-BFGS-B,13,8,ch,5857.263682,0.782796419
128,L-BFGS-B,13,9,ch,6602.353427,0.738584806
129,L-BFGS-B,13,10,ch,7944.04337,0.667689621
130,L-BFGS-B,14,1,ch,7606.625829,0.692717733
131,L-BFGS-B,14,2,ch,7326.655691,0.726108082
132,L-BFGS-B,14,3,ch,6306.40845,0.748232877
133,L-BFGS-B,14,4,ch,6934.994358,0.715670149
134,L-BFGS-B,14,5,ch,7943.237903,0.699969406
135,L-BFGS-B,14,6,ch,6750.883824,0.736623258
136,L-BFGS-B,14,7,ch,5140.803036,0.792486339
137,L-BFGS-B,14,8,ch,7226.893789,0.715653602
138,L-BFGS-B,14,9,ch,8650.599604,0.644553012
139,L-BFGS-B,14,10,ch,5852.52708,0.758551129
140,L-BFGS-B,15,1,ch,6525.599204,0.736539707
141,L-BFGS-B,15,2,ch,6867.711851,0.719349339
142,L-BFGS-B,15,3,ch,8164.678164,0.676015867
143,L-BFGS-B,15,4,ch,7577.085588,0.690416351
144,L-BFGS-B,15,5,ch,5511.558941,0.791049369
145,L-BFGS-B,15,6,ch,8670.473364,0.663718262
146,L-BFGS-B,15,7,ch,7687.687101,0.696421614
147,L-BFGS-B,15,8,ch,6476.640825,0.745551195
148,L-BFGS-B,15,9,ch,6408.03759,0.752439644
149,L-BFGS-B,15,10,ch,5848.224935,0.765702764
150,L-BFGS-B,16,1,ch,6622.164143,0.725150062
151,L-BFGS-B,16,2,ch,8752.752356,0.659292769
152,L-BFGS-B,16,3,ch,4440.363425,0.854307794
153,L-BFGS-B,16,4,ch,4830.162261,0.818651679
154,L-BFGS-B,16,5,ch,4271.416567,0.851661074
155,L-BFGS-B,16,6,ch,7540.25864,0.695306919
156,L-BFGS-B,16,7,ch,9280.061708,0.621867177
157,L-BFGS-B,16,8,ch,8168.876089,0.68113646
158,L-BFGS-B,16,9,ch,8183.047912,0.675528303
159,L-BFGS-B,16,10,ch,6152.512322,0.772533152
160,L-BFGS-B,17,1,ch,8963.048748,0.62955295
161,L-BFGS-B,17,2,ch,7443.304213,0.714274531
162,L-BFGS-B,17,3,ch,8229.19615,0.677060977
163,L-BFGS-B,17,4,ch,7625.323779,0.697977556
164,L-BFGS-B,17,5,ch,8338.714576,0.672253485
165,L-BFGS-B,17,6,ch,5856.775239,0.76029403
166,L-BFGS-B,17,7,ch,5567.269496,0.794717334
167,L-BFGS-B,17,8,ch,6707.104952,0.736635942
168,L-BFGS-B,17,9,ch,4806.650757,0.83317006
169,L-BFGS-B,17,10,ch,5551.873404,0.763710532
170,L-BFGS-B,18,1,ch,6161.383182,0.763237371
171,L-BFGS-B,18,2,ch,6712.891579,0.747050503
172,L-BFGS-B,18,3,ch,6829.197799,0.721974031
173,L-BFGS-B,18,4,ch,7918.89186,0.683854781
174,L-BFGS-B,18,5,ch,8671.945714,0.65816281
175,L-BFGS-B,18,6,ch,6035.915347,0.758629544
176,L-BFGS-B,18,7,ch,8499.234848,0.667147004
177,L-BFGS-B,18,8,ch,4186.66329,0.855303529
178,L-BFGS-B,18,9,ch,6236.65491,0.749610783
179,L-BFGS-B,18,10,ch,7943.76195,0.684232564
180,L-BFGS-B,19,1,ch,6714.600301,0.740822704
181,L-BFGS-B,19,2,ch,7639.539448,0.696126305
182,L-BFGS-B,19,3,ch,7675.307,0.697972544
183,L-BFGS-B,19,4,ch,5066.490789,0.814418049
184,L-BFGS-B,19,5,ch,6565.045769,0.735259619
185,L-BFGS-B,19,6,ch,4884.129784,0.811556497
186,L-BFGS-B,19,7,ch,9663.460823,0.608322311
187,L-BFGS-B,19,8,ch,7830.799863,0.688668669
188,L-BFGS-B,19,9,ch,6954.946623,0.729988849
189,L-BFGS-B,19,10,ch,6157.985711,0.768134882
190,L-BFGS-B,20,1,ch,8795.371193,0.652401473
191,L-BFGS-B,20,2,ch,8318.302291,0.662269403
192,L-BFGS-B,20,3,ch,5991.788654,0.769590809
193,L-BFGS-B,20,4,ch,5385.369999,0.782539121
194,L-BFGS-B,20,5,ch,8558.760825,0.656209019
195,L-BFGS-B,20,6,ch,7425.554005,0.701253638
196,L-BFGS-B,20,7,ch,6546.658673,0.744214588
197,L-BFGS-B,20,8,ch,4623.923894,0.839888103
198,L-BFGS-B,20,9,ch,6061.51378,0.772887238
199,L-BFGS-B,20,10,ch,7396.246436,0.709244487
200,L-BFGS-B,21,1,ch,7532.670403,0.70428312
201,L-BFGS-B,21,2,ch,7268.221867,0.71260332
202,L-BFGS-B,21,3,ch,7113.59222,0.724132502
203,L-BFGS-B,21,4,ch,6495.475394,0.749108593
204,L-BFGS-B,21,5,ch,5405.774791,0.779770348
205,L-BFGS-B,21,6,ch,8553.946288,0.637381066
206,L-BFGS-B,21,7,ch,6240.188026,0.758596982
207,L-BFGS-B,21,8,ch,7992.537056,0.68045543
208,L-BFGS-B,21,9,ch,7443.797572,0.712683161
209,L-BFGS-B,21,10,ch,5714.154184,0.787486337
210,L-BFGS-B,22,1,ch,8066.505915,0.687406463
211,L-BFGS-B,22,2,ch,5909.360351,0.771831461
212,L-BFGS-B,22,3,ch,7127.766415,0.716048804
213,L-BFGS-B,22,4,ch,7207.199192,0.72242968
214,L-BFGS-B,22,5,ch,7292.219086,0.70684108
215,L-BFGS-B,22,6,ch,6996.129573,0.718556341
216,L-BFGS-B,22,7,ch,6565.450347,0.719518508
217,L-BFGS-B,22,8,ch,6156.695324,0.770543067
218,L-BFGS-B,22,9,ch,7561.63119,0.68456078
219,L-BFGS-B,22,10,ch,7260.768793,0.717451546
220,L-BFGS-B,23,1,ch,6972.585635,0.719908054
221,L-BFGS-B,23,2,ch,7303.044471,0.710701986
222,L-BFGS-B,23,3,ch,5240.999532,0.811857497
223,L-BFGS-B,23,4,ch,6244.657833,0.752286564
224,L-BFGS-B,23,5,ch,9491.379916,0.626235126
225,L-BFGS-B,23,6,ch,5655.865602,0.783894948
226,L-BFGS-B,23,7,ch,7618.96949,0.700657384
227,L-BFGS-B,23,8,ch,7172.703216,0.709582588
228,L-BFGS-B,23,9,ch,7244.30574,0.710529538
229,L-BFGS-B,23,10,ch,6579.220484,0.745018148
230,L-BFGS-B,24,1,ch,6427.294118,0.760291528
231,L-BFGS-B,24,2,ch,6636.049997,0.73785422
232,L-BFGS-B,24,3,ch,8517.63961,0.651923366
233,L-BFGS-B,24,4,ch,7040.203936,0.724314582
234,L-BFGS-B,24,5,ch,7802.667015,0.690307389
235,L-BFGS-B,24,6,ch,8431.446662,0.656908783
236,L-BFGS-B,24,7,ch,7401.166745,0.714185426
237,L-BFGS-B,24,8,ch,4935.268159,0.816339874
238,L-BFGS-B,24,9,ch,5731.29843,0.767366678
239,L-BFGS-B,24,10,ch,6633.81207,0.739794393
240,L-BFGS-B,25,1,ch,8162.130357,0.680997698
241,L-BFGS-B,25,2,ch,6917.15224,0.726364229
242,L-BFGS-B,25,3,ch,7806.802369,0.688694026
243,L-BFGS-B,25,4,ch,7517.710641,0.703546149
244,L-BFGS-B,25,5,ch,7632.605113,0.697936435
245,L-BFGS-B,25,6,ch,5766.220225,0.777843896
246,L-BFGS-B,25,7,ch,6512.495572,0.739335221
247,L-BFGS-B,25,8,ch,7469.232903,0.708329764
248,L-BFGS-B,25,9,ch,6016.27932,0.776949599
249,L-BFGS-B,25,10,ch,6145.853459,0.728647045
250,L-BFGS-B,26,1,ch,6961.730386,0.722054702
251,L-BFGS-B,26,2,ch,7722.749688,0.695005671
252,L-BFGS-B,26,3,ch,6518.929055,0.751875341
253,L-BFGS-B,26,4,ch,7332.576068,0.688927908
254,L-BFGS-B,26,5,ch,5687.054656,0.785193166
255,L-BFGS-B,26,6,ch,7397.328249,0.696484404
256,L-BFGS-B,26,7,ch,8050.926225,0.686248464
257,L-BFGS-B,26,8,ch,5641.510752,0.788737684
258,L-BFGS-B,26,9,ch,7904.894696,0.673000958
259,L-BFGS-B,26,10,ch,6724.205698,0.746261236
260,L-BFGS-B,27,1,ch,5221.786802,0.81725847
261,L-BFGS-B,27,2,ch,7438.232161,0.702034519
262,L-BFGS-B,27,3,ch,8345.687522,0.653649178
263,L-BFGS-B,27,4,ch,4709.494855,0.833359058
264,L-BFGS-B,27,5,ch,7127.056037,0.707926313
265,L-BFGS-B,27,6,ch,7264.353366,0.715766339
266,L-BFGS-B,27,7,ch,6489.415692,0.752101357
267,L-BFGS-B,27,8,ch,7763.522175,0.683516442
268,L-BFGS-B,27,9,ch,7229.673513,0.713053096
269,L-BFGS-B,27,10,ch,7942.594176,0.681234677
270,L-BFGS-B,28,1,ch,6376.141028,0.759799598
271,L-BFGS-B,28,2,ch,8279.937798,0.679662592
272,L-BFGS-B,28,3,ch,6174.221383,0.756888861
273,L-BFGS-B,28,4,ch,6739.847585,0.734018124
274,L-BFGS-B,28,5,ch,7484.31525,0.707372872
275,L-BFGS-B,28,6,ch,5248.303962,0.801025896
276,L-BFGS-B,28,7,ch,5745.558475,0.770626206
277,L-BFGS-B,28,8,ch,7023.370039,0.721963093
278,L-BFGS-B,28,9,ch,7043.578905,0.708709174
279,L-BFGS-B,28,10,ch,9358.704614,0.62027987
280,L-BFGS-B,29,1,ch,7233.178119,0.709106453
281,L-BFGS-B,29,2,ch,8264.387613,0.656876274
282,L-BFGS-B,29,3,ch,6237.882544,0.767250627
283,L-BFGS-B,29,4,ch,7591.571462,0.689175204
284,L-BFGS-B,29,5,ch,6389.911299,0.751536692
285,L-BFGS-B,29,6,ch,6405.655544,0.754175034
286,L-BFGS-B,29,7,ch,6850.602153,0.723675949
287,L-BFGS-B,29,8,ch,8057.219289,0.695120746
288,L-BFGS-B,29,9,ch,5568.392582,0.77530438
289,L-BFGS-B,29,10,ch,7338.364419,0.713848205
290,L-BFGS-B,30,1,ch,5776.264547,0.773561433
291,L-BFGS-B,30,2,ch,6629.488398,0.727610831
292,L-BFGS-B,30,3,ch,6416.503651,0.736490105
293,L-BFGS-B,30,4,ch,6698.150477,0.741646226
294,L-BFGS-B,30,5,ch,9683.746706,0.599529295
295,L-BFGS-B,30,6,ch,7457.720825,0.699755265
296,L-BFGS-B,30,7,ch,7646.205154,0.694087822
297,L-BFGS-B,30,8,ch,5795.378883,0.789494848
298,L-BFGS-B,30,9,ch,5923.558042,0.777545215
299,L-BFGS-B,30,10,ch,7469.217002,0.710336221
300,L-BFGS-B,1,1,sak,0.145236677,0.95527844
301,L-BFGS-B,1,2,sak,0.127035044,0.969384322
302,L-BFGS-B,1,3,sak,0.1423708,0.96001545
303,L-BFGS-B,1,4,sak,0.161995841,0.954435819
304,L-BFGS-B,1,5,sak,0.1342356,0.960108525
305,L-BFGS-B,1,6,sak,0.145199672,0.953673119
306,L-BFGS-B,1,7,sak,0.134595264,0.962726796
307,L-BFGS-B,1,8,sak,0.148514356,0.955513936
308,L-BFGS-B,1,9,sak,0.146247672,0.962754605
309,L-BFGS-B,1,10,sak,0.143375739,0.967545647
310,L-BFGS-B,2,1,sak,0.151070646,0.957603913
311,L-BFGS-B,2,2,sak,0.136359998,0.962320751
312,L-BFGS-B,2,3,sak,0.14237157,0.959475051
313,L-BFGS-B,2,4,sak,0.130628226,0.964457501
314,L-BFGS-B,2,5,sak,0.155833958,0.955799566
315,L-BFGS-B,2,6,sak,0.134694387,0.957526187
316,L-BFGS-B,2,7,sak,0.148070471,0.956046575
317,L-BFGS-B,2,8,sak,0.129034681,0.968802979
318,L-BFGS-B,2,9,sak,0.143540081,0.961845414
319,L-BFGS-B,2,10,sak,0.157191933,0.959717207
320,L-BFGS-B,3,1,sak,0.142554859,0.957864303
321,L-BFGS-B,3,2,sak,0.154423442,0.955506905
322,L-BFGS-B,3,3,sak,0.141088393,0.96414278
323,L-BFGS-B,3,4,sak,0.13225776,0.965525287
324,L-BFGS-B,3,5,sak,0.143880017,0.961432972
325,L-BFGS-B,3,6,sak,0.120744121,0.970106803
326,L-BFGS-B,3,7,sak,0.149314222,0.957719892
327,L-BFGS-B,3,8,sak,0.167874282,0.949009741
328,L-BFGS-B,3,9,sak,0.143244274,0.962717375
329,L-BFGS-B,3,10,sak,0.129106144,0.963195544
330,L-BFGS-B,4,1,sak,0.141057387,0.960009654
331,L-BFGS-B,4,2,sak,0.148390494,0.95883067
332,L-BFGS-B,4,3,sak,0.150424692,0.951380663
333,L-BFGS-B,4,4,sak,0.151742348,0.959383645
334,L-BFGS-B,4,5,sak,0.144031942,0.959619188
335,L-BFGS-B,4,6,sak,0.137196484,0.961674081
336,L-BFGS-B,4,7,sak,0.139767626,0.966994984
337,L-BFGS-B,4,8,sak,0.122943881,0.970827905
338,L-BFGS-B,4,9,sak,0.141541441,0.955767562
339,L-BFGS-B,4,10,sak,0.152999622,0.95599812
340,L-BFGS-B,5,1,sak,0.148917427,0.95685585
341,L-BFGS-B,5,2,sak,0.144149395,0.958152775
342,L-BFGS-B,5,3,sak,0.135012916,0.960813299
343,L-BFGS-B,5,4,sak,0.136105703,0.963466515
344,L-BFGS-B,5,5,sak,0.144462481,0.965503554
345,L-BFGS-B,5,6,sak,0.144221365,0.958893798
346,L-BFGS-B,5,7,sak,0.15411127,0.95765536
347,L-BFGS-B,5,8,sak,0.139333559,0.965360388
348,L-BFGS-B,5,9,sak,0.135037111,0.955969759
349,L-BFGS-B,5,10,sak,0.15003138,0.958872413
350,L-BFGS-B,6,1,sak,0.136258349,0.962700243
351,L-BFGS-B,6,2,sak,0.143767928,0.959276006
352,L-BFGS-B,6,3,sak,0.135057244,0.96677193
353,L-BFGS-B,6,4,sak,0.172511862,0.94946221
354,L-BFGS-B,6,5,sak,0.145033761,0.960941612
355,L-BFGS-B,6,6,sak,0.141886737,0.958740485
356,L-BFGS-B,6,7,sak,0.134468054,0.96619249
357,L-BFGS-B,6,8,sak,0.131971903,0.964103644
358,L-BFGS-B,6,9,sak,0.146609804,0.960359873
359,L-BFGS-B,6,10,sak,0.140491002,0.955608098
360,L-BFGS-B,7,1,sak,0.148143575,0.957772097
361,L-BFGS-B,7,2,sak,0.143187586,0.961916262
362,L-BFGS-B,7,3,sak,0.124749982,0.96820758
363,L-BFGS-B,7,4,sak,0.129016215,0.968844929
364,L-BFGS-B,7,5,sak,0.14451412,0.961223988
365,L-BFGS-B,7,6,sak,0.151143547,0.957386905
366,L-BFGS-B,7,7,sak,0.138229201,0.958879632
367,L-BFGS-B,7,8,sak,0.13690368,0.962485726
368,L-BFGS-B,7,9,sak,0.14838882,0.96070107
369,L-BFGS-B,7,10,sak,0.16450238,0.945722953
370,L-BFGS-B,8,1,sak,0.14326274,0.963483142
371,L-BFGS-B,8,2,sak,0.140551766,0.960681422
372,L-BFGS-B,8,3,sak,0.143445488,0.962613278
373,L-BFGS-B,8,4,sak,0.122754855,0.966398969
374,L-BFGS-B,8,5,sak,0.14091512,0.959797318
375,L-BFGS-B,8,6,sak,0.141120755,0.960047559
376,L-BFGS-B,8,7,sak,0.15181405,0.952867216
377,L-BFGS-B,8,8,sak,0.156103193,0.954735923
378,L-BFGS-B,8,9,sak,0.142793202,0.963552126
379,L-BFGS-B,8,10,sak,0.145205056,0.960718722
380,L-BFGS-B,9,1,sak,0.138110618,0.959537424
381,L-BFGS-B,9,2,sak,0.156383797,0.952945787
382,L-BFGS-B,9,3,sak,0.13177647,0.967435847
383,L-BFGS-B,9,4,sak,0.136472932,0.959615891
384,L-BFGS-B,9,5,sak,0.136850752,0.955703175
385,L-BFGS-B,9,6,sak,0.151928192,0.958469423
386,L-BFGS-B,9,7,sak,0.134836085,0.965884555
387,L-BFGS-B,9,8,sak,0.148388359,0.961946389
388,L-BFGS-B,9,9,sak,0.149180565,0.957376525
389,L-BFGS-B,9,10,sak,0.148425952,0.962178704
390,L-BFGS-B,10,1,sak,0.141712955,0.963236009
391,L-BFGS-B,10,2,sak,0.147823612,0.961325059
392,L-BFGS-B,10,3,sak,0.138078899,0.964502132
393,L-BFGS-B,10,4,sak,0.155787877,0.944148148
394,L-BFGS-B,10,5,sak,0.138773339,0.962235961
395,L-BFGS-B,10,6,sak,0.133578368,0.963296439
396,L-BFGS-B,10,7,sak,0.133248887,0.96883762
397,L-BFGS-B,10,8,sak,0.134380262,0.964772559
398,L-BFGS-B,10,9,sak,0.151870258,0.95328815
399,L-BFGS-B,10,10,sak,0.154664764,0.95467399
400,L-BFGS-B,11,1,sak,0.133104633,0.965633386
401,L-BFGS-B,11,2,sak,0.152143449,0.951552319
402,L-BFGS-B,11,3,sak,0.123698262,0.967221404
403,L-BFGS-B,11,4,sak,0.151493366,0.955554233
404,L-BFGS-B,11,5,sak,0.123041601,0.968401377
405,L-BFGS-B,11,6,sak,0.141069916,0.964655587
406,L-BFGS-B,11,7,sak,0.153420942,0.957891453
407,L-BFGS-B,11,8,sak,0.12751623,0.965900732
408,L-BFGS-B,11,9,sak,0.161632076,0.955310117
409,L-BFGS-B,11,10,sak,0.157888893,0.954276915
410,L-BFGS-B,12,1,sak,0.163971709,0.94952977
411,L-BFGS-B,12,2,sak,0.140572269,0.959290683
412,L-BFGS-B,12,3,sak,0.118837256,0.969058001
413,L-BFGS-B,12,4,sak,0.150761201,0.961622546
414,L-BFGS-B,12,5,sak,0.14262251,0.956781536
415,L-BFGS-B,12,6,sak,0.13861355,0.965839048
416,L-BFGS-B,12,7,sak,0.153890892,0.953614387
417,L-BFGS-B,12,8,sak,0.142913235,0.959682103
418,L-BFGS-B,12,9,sak,0.147371042,0.963596491
419,L-BFGS-B,12,10,sak,0.133079486,0.96191376
420,L-BFGS-B,13,1,sak,0.149218467,0.956933216
421,L-BFGS-B,13,2,sak,0.150751379,0.954851471
422,L-BFGS-B,13,3,sak,0.14705316,0.955515192
423,L-BFGS-B,13,4,sak,0.134173602,0.959246005
424,L-BFGS-B,13,5,sak,0.137050089,0.964738029
425,L-BFGS-B,13,6,sak,0.140116844,0.966473337
426,L-BFGS-B,13,7,sak,0.151410206,0.957388139
427,L-BFGS-B,13,8,sak,0.154512742,0.956698966
428,L-BFGS-B,13,9,sak,0.116190167,0.973887059
429,L-BFGS-B,13,10,sak,0.145991135,0.958358894
430,L-BFGS-B,14,1,sak,0.140175066,0.961289892
431,L-BFGS-B,14,2,sak,0.135625255,0.963819617
432,L-BFGS-B,14,3,sak,0.150875051,0.963084672
433,L-BFGS-B,14,4,sak,0.155977762,0.955614383
434,L-BFGS-B,14,5,sak,0.134935688,0.962074433
435,L-BFGS-B,14,6,sak,0.14529527,0.958500335
436,L-BFGS-B,14,7,sak,0.139763483,0.959840199
437,L-BFGS-B,14,8,sak,0.138625218,0.964215122
438,L-BFGS-B,14,9,sak,0.142741749,0.960387377
439,L-BFGS-B,14,10,sak,0.144660147,0.956033262
440,L-BFGS-B,15,1,sak,0.135591917,0.966129449
441,L-BFGS-B,15,2,sak,0.163295584,0.95548161
442,L-BFGS-B,15,3,sak,0.155542864,0.95503093
443,L-BFGS-B,15,4,sak,0.123052389,0.971361911
444,L-BFGS-B,15,5,sak,0.137491279,0.962564733
445,L-BFGS-B,15,6,sak,0.151877793,0.950389794
446,L-BFGS-B,15,7,sak,0.136844424,0.964766243
447,L-BFGS-B,15,8,sak,0.130018439,0.964162053
448,L-BFGS-B,15,9,sak,0.156033326,0.95043501
449,L-BFGS-B,15,10,sak,0.143879319,0.959616344
450,L-BFGS-B,16,1,sak,0.139122612,0.963335262
451,L-BFGS-B,16,2,sak,0.134201675,0.959940898
452,L-BFGS-B,16,3,sak,0.148866396,0.952890211
453,L-BFGS-B,16,4,sak,0.14848246,0.956482121
454,L-BFGS-B,16,5,sak,0.144601946,0.965535372
455,L-BFGS-B,16,6,sak,0.137279934,0.963414894
456,L-BFGS-B,16,7,sak,0.141156425,0.964457779
457,L-BFGS-B,16,8,sak,0.131405954,0.962811506
458,L-BFGS-B,16,9,sak,0.149446911,0.956301604
459,L-BFGS-B,16,10,sak,0.155521808,0.95777792
460,L-BFGS-B,17,1,sak,0.156059645,0.955074388
461,L-BFGS-B,17,2,sak,0.147663621,0.960279637
462,L-BFGS-B,17,3,sak,0.144318642,0.962547481
463,L-BFGS-B,17,4,sak,0.145272307,0.958081784
464,L-BFGS-B,17,5,sak,0.148126901,0.958194745
465,L-BFGS-B,17,6,sak,0.148080804,0.953454924
466,L-BFGS-B,17,7,sak,0.132044661,0.964248097
467,L-BFGS-B,17,8,sak,0.141918623,0.961916224
468,L-BFGS-B,17,9,sak,0.120518609,0.968157212
469,L-BFGS-B,17,10,sak,0.1450029,0.963073221
470,L-BFGS-B,18,1,sak,0.159903178,0.947271987
471,L-BFGS-B,18,2,sak,0.152437545,0.955478608
472,L-BFGS-B,18,3,sak,0.161343233,0.952179739
473,L-BFGS-B,18,4,sak,0.121580868,0.967131229
474,L-BFGS-B,18,5,sak,0.146433902,0.964265377
475,L-BFGS-B,18,6,sak,0.135316951,0.963825775
476,L-BFGS-B,18,7,sak,0.15560967,0.955171613
477,L-BFGS-B,18,8,sak,0.129494305,0.96680844
478,L-BFGS-B,18,9,sak,0.127163118,0.969721119
479,L-BFGS-B,18,10,sak,0.138943591,0.962072752
480,L-BFGS-B,19,1,sak,0.147503955,0.955223253
481,L-BFGS-B,19,2,sak,0.120133055,0.970082675
482,L-BFGS-B,19,3,sak,0.15197148,0.957220161
483,L-BFGS-B,19,4,sak,0.149575389,0.959887677
484,L-BFGS-B,19,5,sak,0.152111277,0.958558654
485,L-BFGS-B,19,6,sak,0.137299179,0.959040583
486,L-BFGS-B,19,7,sak,0.131347397,0.969084929
487,L-BFGS-B,19,8,sak,0.15968531,0.950676791
488,L-BFGS-B,19,9,sak,0.14547999,0.959967093
489,L-BFGS-B,19,10,sak,0.13494943,0.963569822
490,L-BFGS-B,20,1,sak,0.162196911,0.951169899
491,L-BFGS-B,20,2,sak,0.124390044,0.967932634
492,L-BFGS-B,20,3,sak,0.147542615,0.959300797
493,L-BFGS-B,20,4,sak,0.145267746,0.96143311
494,L-BFGS-B,20,5,sak,0.153877143,0.957910434
495,L-BFGS-B,20,6,sak,0.131160563,0.966562155
496,L-BFGS-B,20,7,sak,0.146949519,0.956251352
497,L-BFGS-B,20,8,sak,0.149324981,0.953135535
498,L-BFGS-B,20,9,sak,0.140561793,0.960532192
499,L-BFGS-B,20,10,sak,0.126040405,0.969643207
500,L-BFGS-B,21,1,sak,0.132412974,0.96562237
501,L-BFGS-B,21,2,sak,0.140393841,0.959046349
502,L-BFGS-B,21,3,sak,0.123563656,0.969469593
503,L-BFGS-B,21,4,sak,0.141646374,0.962219987
504,L-BFGS-B,21,5,sak,0.147405597,0.960226442
505,L-BFGS-B,21,6,sak,0.137189884,0.964757086
506,L-BFGS-B,21,7,sak,0.178151559,0.942270846
507,L-BFGS-B,21,8,sak,0.130261569,0.965629432
508,L-BFGS-B,21,9,sak,0.151608677,0.954148681
509,L-BFGS-B,21,10,sak,0.150790004,0.958181683
510,L-BFGS-B,22,1,sak,0.141441926,0.952164151
511,L-BFGS-B,22,2,sak,0.140131693,0.960907958
512,L-BFGS-B,22,3,sak,0.141512375,0.963310247
513,L-BFGS-B,22,4,sak,0.173092856,0.947583861
514,L-BFGS-B,22,5,sak,0.139582239,0.966829876
515,L-BFGS-B,22,6,sak,0.139637567,0.962137186
516,L-BFGS-B,22,7,sak,0.1512984,0.956024754
517,L-BFGS-B,22,8,sak,0.135388946,0.960859863
518,L-BFGS-B,22,9,sak,0.127608422,0.968424226
519,L-BFGS-B,22,10,sak,0.143213585,0.961675481
520,L-BFGS-B,23,1,sak,0.127185958,0.966870478
521,L-BFGS-B,23,2,sak,0.145423535,0.959021606
522,L-BFGS-B,23,3,sak,0.13900663,0.963218002
523,L-BFGS-B,23,4,sak,0.148508184,0.956430617
524,L-BFGS-B,23,5,sak,0.149524462,0.956903953
525,L-BFGS-B,23,6,sak,0.137660022,0.964212495
526,L-BFGS-B,23,7,sak,0.151138345,0.955069305
527,L-BFGS-B,23,8,sak,0.13702684,0.96264781
528,L-BFGS-B,23,9,sak,0.159713342,0.955735828
529,L-BFGS-B,23,10,sak,0.135718602,0.963818738
530,L-BFGS-B,24,1,sak,0.145995525,0.954478878
531,L-BFGS-B,24,2,sak,0.140658063,0.965737908
532,L-BFGS-B,24,3,sak,0.14937754,0.959523663
533,L-BFGS-B,24,4,sak,0.13882763,0.958127403
534,L-BFGS-B,24,5,sak,0.144268773,0.962273668
535,L-BFGS-B,24,6,sak,0.15063046,0.953151723
536,L-BFGS-B,24,7,sak,0.139059382,0.959788017
537,L-BFGS-B,24,8,sak,0.149125433,0.96133202
538,L-BFGS-B,24,9,sak,0.145258551,0.9594113
539,L-BFGS-B,24,10,sak,0.128420475,0.968212466
540,L-BFGS-B,25,1,sak,0.147316106,0.954498799
541,L-BFGS-B,25,2,sak,0.152951515,0.957751186
542,L-BFGS-B,25,3,sak,0.116989615,0.969674927
543,L-BFGS-B,25,4,sak,0.150103175,0.95848455
544,L-BFGS-B,25,5,sak,0.151256507,0.961686567
545,L-BFGS-B,25,6,sak,0.145893053,0.959260898
546,L-BFGS-B,25,7,sak,0.143659898,0.957427228
547,L-BFGS-B,25,8,sak,0.133429263,0.963137298
548,L-BFGS-B,25,9,sak,0.146865941,0.961965125
549,L-BFGS-B,25,10,sak,0.144062084,0.959018318
550,L-BFGS-B,26,1,sak,0.132614726,0.963578115
551,L-BFGS-B,26,2,sak,0.176109779,0.945488694
552,L-BFGS-B,26,3,sak,0.148307352,0.952054047
553,L-BFGS-B,26,4,sak,0.13393302,0.969750614
554,L-BFGS-B,26,5,sak,0.151592754,0.960911985
555,L-BFGS-B,26,6,sak,0.140407661,0.960975209
556,L-BFGS-B,26,7,sak,0.149840522,0.952784593
557,L-BFGS-B,26,8,sak,0.134341746,0.968535865
558,L-BFGS-B,26,9,sak,0.134284373,0.964100714
559,L-BFGS-B,26,10,sak,0.133665693,0.959299651
560,L-BFGS-B,27,1,sak,0.148330801,0.957585485
561,L-BFGS-B,27,2,sak,0.146672202,0.958909524
562,L-BFGS-B,27,3,sak,0.136737194,0.960892626
563,L-BFGS-B,27,4,sak,0.136137617,0.968057414
564,L-BFGS-B,27,5,sak,0.155108768,0.953217649
565,L-BFGS-B,27,6,sak,0.154564733,0.95456779
566,L-BFGS-B,27,7,sak,0.135089242,0.963365353
567,L-BFGS-B,27,8,sak,0.12603995,0.967369388
568,L-BFGS-B,27,9,sak,0.143544963,0.960143462
569,L-BFGS-B,27,10,sak,0.144630763,0.961909593
570,L-BFGS-B,28,1,sak,0.128884786,0.967375912
571,L-BFGS-B,28,2,sak,0.136335625,0.962762502
572,L-BFGS-B,28,3,sak,0.124609893,0.964333675
573,L-BFGS-B,28,4,sak,0.16771922,0.95396864
574,L-BFGS-B,28,5,sak,0.118907424,0.971875868
575,L-BFGS-B,28,6,sak,0.162894409,0.949696076
576,L-BFGS-B,28,7,sak,0.140609798,0.960571958
577,L-BFGS-B,28,8,sak,0.142185397,0.959539311
578,L-BFGS-B,28,9,sak,0.153028269,0.959348397
579,L-BFGS-B,28,10,sak,0.158032707,0.951993508
580,L-BFGS-B,29,1,sak,0.131285417,0.964837141
581,L-BFGS-B,29,2,sak,0.138389996,0.957001363
582,L-BFGS-B,29,3,sak,0.134426075,0.965552961
583,L-BFGS-B,29,4,sak,0.133106077,0.967730135
584,L-BFGS-B,29,5,sak,0.165417691,0.948844291
585,L-BFGS-B,29,6,sak,0.151011955,0.956281531
586,L-BFGS-B,29,7,sak,0.144801038,0.960256594
587,L-BFGS-B,29,8,sak,0.130238783,0.968755145
588,L-BFGS-B,29,9,sak,0.159396319,0.955566541
589,L-BFGS-B,29,10,sak,0.137482291,0.959389471
590,L-BFGS-B,30,1,sak,0.149945403,0.958266967
591,L-BFGS-B,30,2,sak,0.146385109,0.955248557
592,L-BFGS-B,30,3,sak,0.136188925,0.963353833
593,L-BFGS-B,30,4,sak,0.140550651,0.96483173
594,L-BFGS-B,30,5,sak,0.137123125,0.96458867
595,L-BFGS-B,30,6,sak,0.151280068,0.956440995
596,L-BFGS-B,30,7,sak,0.13886439,0.959727436
597,L-BFGS-B,30,8,sak,0.151164417,0.953865777
598,L-BFGS-B,30,9,sak,0.127829952,0.968148758
599,L-BFGS-B,30,10,sak,0.149694128,0.960502794
600,L-BFGS-B,1,1,bw,0.186203714,0.926557106
601,L-BFGS-B,1,2,bw,0.165854862,0.949859579
602,L-BFGS-B,1,3,bw,0.184324613,0.942053823
603,L-BFGS-B,1,4,bw,0.211048591,0.908299926
604,L-BFGS-B,1,5,bw,0.189881646,0.936934633
605,L-BFGS-B,1,6,bw,0.175991249,0.936244249
606,L-BFGS-B,1,7,bw,0.197612384,0.913743032
607,L-BFGS-B,1,8,bw,0.164329072,0.954948171
608,L-BFGS-B,1,9,bw,0.192950504,0.92638393
609,L-BFGS-B,1,10,bw,0.179620365,0.932521336
610,L-BFGS-B,2,1,bw,0.193337078,0.926033655
611,L-BFGS-B,2,2,bw,0.17371816,0.939863436
612,L-BFGS-B,2,3,bw,0.177376946,0.939283941
613,L-BFGS-B,2,4,bw,0.170474645,0.93894867
614,L-BFGS-B,2,5,bw,0.171293459,0.947563758
615,L-BFGS-B,2,6,bw,0.171634353,0.946401846
616,L-BFGS-B,2,7,bw,0.15775761,0.948825915
617,L-BFGS-B,2,8,bw,0.176990548,0.943588325
618,L-BFGS-B,2,9,bw,0.197023565,0.926819303
619,L-BFGS-B,2,10,bw,0.196847573,0.924192003
620,L-BFGS-B,3,1,bw,0.177477383,0.935038495
621,L-BFGS-B,3,2,bw,0.169165024,0.941228466
622,L-BFGS-B,3,3,bw,0.216427631,0.910373894
623,L-BFGS-B,3,4,bw,0.182175833,0.941261503
624,L-BFGS-B,3,5,bw,0.220544762,0.909358617
625,L-BFGS-B,3,6,bw,0.173093449,0.941865932
626,L-BFGS-B,3,7,bw,0.192955072,0.914037266
627,L-BFGS-B,3,8,bw,0.174379972,0.948283822
628,L-BFGS-B,3,9,bw,0.16644535,0.947288974
629,L-BFGS-B,3,10,bw,0.174268256,0.942338785
630,L-BFGS-B,4,1,bw,0.192073034,0.936607312
631,L-BFGS-B,4,2,bw,0.149616684,0.957487096
632,L-BFGS-B,4,3,bw,0.185554751,0.932480417
633,L-BFGS-B,4,4,bw,0.152226537,0.953342763
634,L-BFGS-B,4,5,bw,0.18108005,0.939581841
635,L-BFGS-B,4,6,bw,0.212888442,0.902195401
636,L-BFGS-B,4,7,bw,0.187560917,0.925156721
637,L-BFGS-B,4,8,bw,0.178894693,0.940976274
638,L-BFGS-B,4,9,bw,0.182085495,0.933330393
639,L-BFGS-B,4,10,bw,0.164436338,0.951750246
640,L-BFGS-B,5,1,bw,0.215225238,0.915138588
641,L-BFGS-B,5,2,bw,0.153777692,0.946593602
642,L-BFGS-B,5,3,bw,0.199007539,0.928791605
643,L-BFGS-B,5,4,bw,0.196793461,0.929726737
644,L-BFGS-B,5,5,bw,0.177946074,0.935060257
645,L-BFGS-B,5,6,bw,0.176323016,0.927242312
646,L-BFGS-B,5,7,bw,0.166719147,0.9498004
647,L-BFGS-B,5,8,bw,0.199105444,0.930307144
648,L-BFGS-B,5,9,bw,0.228021963,0.904147279
649,L-BFGS-B,5,10,bw,0.189137334,0.927810303
650,L-BFGS-B,6,1,bw,0.213634514,0.900090875
651,L-BFGS-B,6,2,bw,0.156017614,0.950163243
652,L-BFGS-B,6,3,bw,0.165857915,0.948681759
653,L-BFGS-B,6,4,bw,0.195885417,0.92641243
654,L-BFGS-B,6,5,bw,0.187054551,0.934000019
655,L-BFGS-B,6,6,bw,0.17021797,0.944654573
656,L-BFGS-B,6,7,bw,0.200820849,0.92016255
657,L-BFGS-B,6,8,bw,0.155094875,0.94596735
658,L-BFGS-B,6,9,bw,0.173881545,0.949032708
659,L-BFGS-B,6,10,bw,0.163814321,0.94886241
660,L-BFGS-B,7,1,bw,0.19310109,0.916535033
661,L-BFGS-B,7,2,bw,0.189973194,0.931493621
662,L-BFGS-B,7,3,bw,0.175292214,0.944643294
663,L-BFGS-B,7,4,bw,0.192899798,0.934265175
664,L-BFGS-B,7,5,bw,0.178118055,0.935636716
665,L-BFGS-B,7,6,bw,0.207545985,0.920328187
666,L-BFGS-B,7,7,bw,0.17449548,0.942692924
667,L-BFGS-B,7,8,bw,0.212407274,0.915945718
668,L-BFGS-B,7,9,bw,0.211828747,0.908784125
669,L-BFGS-B,7,10,bw,0.179419998,0.936259217
670,L-BFGS-B,8,1,bw,0.202963993,0.917819275
671,L-BFGS-B,8,2,bw,0.171289931,0.938886736
672,L-BFGS-B,8,3,bw,0.208324095,0.917490505
673,L-BFGS-B,8,4,bw,0.152766362,0.95141962
674,L-BFGS-B,8,5,bw,0.189896887,0.92346639
675,L-BFGS-B,8,6,bw,0.179564512,0.942969612
676,L-BFGS-B,8,7,bw,0.178492172,0.942025989
677,L-BFGS-B,8,8,bw,0.178205737,0.94321484
678,L-BFGS-B,8,9,bw,0.164045637,0.948810906
679,L-BFGS-B,8,10,bw,0.179675559,0.938335952
680,L-BFGS-B,9,1,bw,0.179366343,0.943301068
681,L-BFGS-B,9,2,bw,0.183149201,0.943403767
682,L-BFGS-B,9,3,bw,0.176705706,0.934178101
683,L-BFGS-B,9,4,bw,0.189842512,0.931499967
684,L-BFGS-B,9,5,bw,0.192111476,0.934789844
685,L-BFGS-B,9,6,bw,0.220412627,0.911090881
686,L-BFGS-B,9,7,bw,0.157152029,0.9477114
687,L-BFGS-B,9,8,bw,0.200030452,0.912699842
688,L-BFGS-B,9,9,bw,0.181154294,0.926113143
689,L-BFGS-B,9,10,bw,0.169611809,0.946393921
690,L-BFGS-B,10,1,bw,0.18342573,0.929656801
691,L-BFGS-B,10,2,bw,0.169337395,0.946116512
692,L-BFGS-B,10,3,bw,0.170297136,0.933942751
693,L-BFGS-B,10,4,bw,0.168424758,0.946214477
694,L-BFGS-B,10,5,bw,0.185813723,0.939526182
695,L-BFGS-B,10,6,bw,0.184359466,0.93129007
696,L-BFGS-B,10,7,bw,0.198642412,0.930436167
697,L-BFGS-B,10,8,bw,0.189268839,0.926067611
698,L-BFGS-B,10,9,bw,0.188363826,0.928984397
699,L-BFGS-B,10,10,bw,0.172273676,0.949847749
700,L-BFGS-B,11,1,bw,0.196242171,0.918708223
701,L-BFGS-B,11,2,bw,0.15899049,0.953945041
702,L-BFGS-B,11,3,bw,0.166043539,0.944903728
703,L-BFGS-B,11,4,bw,0.18371905,0.931488984
704,L-BFGS-B,11,5,bw,0.187700497,0.937215373
705,L-BFGS-B,11,6,bw,0.183484355,0.942842591
706,L-BFGS-B,11,7,bw,0.179564954,0.93869055
707,L-BFGS-B,11,8,bw,0.183208755,0.932501891
708,L-BFGS-B,11,9,bw,0.184308503,0.938491786
709,L-BFGS-B,11,10,bw,0.172729782,0.929583503
710,L-BFGS-B,12,1,bw,0.179161369,0.943760783
711,L-BFGS-B,12,2,bw,0.174249014,0.942544118
712,L-BFGS-B,12,3,bw,0.163229558,0.945085532
713,L-BFGS-B,12,4,bw,0.179641712,0.937546772
714,L-BFGS-B,12,5,bw,0.179839306,0.930689882
715,L-BFGS-B,12,6,bw,0.205433012,0.918083383
716,L-BFGS-B,12,7,bw,0.166971278,0.951283854
717,L-BFGS-B,12,8,bw,0.180076059,0.946407741
718,L-BFGS-B,12,9,bw,0.193635182,0.920041631
719,L-BFGS-B,12,10,bw,0.165568428,0.93985675
720,L-BFGS-B,13,1,bw,0.198702892,0.909364708
721,L-BFGS-B,13,2,bw,0.152312207,0.952166504
722,L-BFGS-B,13,3,bw,0.188962067,0.932950461
723,L-BFGS-B,13,4,bw,0.179960001,0.944781619
724,L-BFGS-B,13,5,bw,0.173859124,0.942258425
725,L-BFGS-B,13,6,bw,0.193523323,0.92197633
726,L-BFGS-B,13,7,bw,0.166561947,0.946140892
727,L-BFGS-B,13,8,bw,0.193183043,0.934939079
728,L-BFGS-B,13,9,bw,0.176114145,0.933414222
729,L-BFGS-B,13,10,bw,0.180717507,0.943400261
730,L-BFGS-B,14,1,bw,0.193157764,0.921639293
731,L-BFGS-B,14,2,bw,0.213634514,0.900090875
732,L-BFGS-B,14,3,bw,0.185767205,0.943437718
733,L-BFGS-B,14,4,bw,0.189984665,0.928652146
734,L-BFGS-B,14,5,bw,0.182225354,0.935804319
735,L-BFGS-B,14,6,bw,0.153882906,0.948158588
736,L-BFGS-B,14,7,bw,0.185092918,0.928104477
737,L-BFGS-B,14,8,bw,0.212988472,0.909390865
738,L-BFGS-B,14,9,bw,0.165473445,0.952757765
739,L-BFGS-B,14,10,bw,0.181261068,0.930987417
740,L-BFGS-B,15,1,bw,0.173952871,0.941704366
741,L-BFGS-B,15,2,bw,0.169810583,0.947573499
742,L-BFGS-B,15,3,bw,0.215445828,0.915983079
743,L-BFGS-B,15,4,bw,0.163291747,0.949138856
744,L-BFGS-B,15,5,bw,0.184701131,0.928235082
745,L-BFGS-B,15,6,bw,0.194957462,0.930171321
746,L-BFGS-B,15,7,bw,0.185843612,0.928387301
747,L-BFGS-B,15,8,bw,0.182758592,0.935464446
748,L-BFGS-B,15,9,bw,0.17998242,0.937064849
749,L-BFGS-B,15,10,bw,0.169490993,0.943294908
750,L-BFGS-B,16,1,bw,0.16698223,0.948125395
751,L-BFGS-B,16,2,bw,0.192939513,0.92347238
752,L-BFGS-B,16,3,bw,0.172632347,0.939923121
753,L-BFGS-B,16,4,bw,0.167121277,0.94691285
754,L-BFGS-B,16,5,bw,0.189525136,0.92779768
755,L-BFGS-B,16,6,bw,0.168253817,0.946616182
756,L-BFGS-B,16,7,bw,0.207307141,0.920041199
757,L-BFGS-B,16,8,bw,0.22072666,0.911579916
758,L-BFGS-B,16,9,bw,0.188298807,0.933551142
759,L-BFGS-B,16,10,bw,0.184176003,0.931883659
760,L-BFGS-B,17,1,bw,0.214277471,0.905778527
761,L-BFGS-B,17,2,bw,0.198633189,0.92495717
762,L-BFGS-B,17,3,bw,0.176942342,0.942744324
763,L-BFGS-B,17,4,bw,0.171205445,0.943485059
764,L-BFGS-B,17,5,bw,0.184267085,0.9344506
765,L-BFGS-B,17,6,bw,0.182008565,0.9377425
766,L-BFGS-B,17,7,bw,0.152994541,0.959530345
767,L-BFGS-B,17,8,bw,0.183657416,0.935285764
768,L-BFGS-B,17,9,bw,0.160306563,0.946589957
769,L-BFGS-B,17,10,bw,0.170190737,0.940988332
770,L-BFGS-B,18,1,bw,0.213634514,0.900090875
771,L-BFGS-B,18,2,bw,0.179753217,0.933833861
772,L-BFGS-B,18,3,bw,0.163635414,0.94517409
773,L-BFGS-B,18,4,bw,0.151616955,0.953423478
774,L-BFGS-B,18,5,bw,0.177460273,0.939527159
775,L-BFGS-B,18,6,bw,0.163893876,0.955014535
776,L-BFGS-B,18,7,bw,0.208480886,0.912666285
777,L-BFGS-B,18,8,bw,0.194421522,0.933623817
778,L-BFGS-B,18,9,bw,0.192404937,0.929322148
779,L-BFGS-B,18,10,bw,0.201680142,0.915346472
780,L-BFGS-B,19,1,bw,0.168846593,0.942799544
781,L-BFGS-B,19,2,bw,0.161865769,0.952841051
782,L-BFGS-B,19,3,bw,0.180379098,0.938561147
783,L-BFGS-B,19,4,bw,0.189972888,0.92843036
784,L-BFGS-B,19,5,bw,0.197189135,0.915950208
785,L-BFGS-B,19,6,bw,0.207442248,0.921973303
786,L-BFGS-B,19,7,bw,0.177415759,0.948771301
787,L-BFGS-B,19,8,bw,0.153618194,0.946180868
788,L-BFGS-B,19,9,bw,0.191669733,0.928316696
789,L-BFGS-B,19,10,bw,0.198724433,0.922856059
790,L-BFGS-B,20,1,bw,0.194362291,0.932862383
791,L-BFGS-B,20,2,bw,0.184600012,0.936443579
792,L-BFGS-B,20,3,bw,0.207655182,0.913222109
793,L-BFGS-B,20,4,bw,0.17033976,0.944598389
794,L-BFGS-B,20,5,bw,0.165366778,0.949119947
795,L-BFGS-B,20,6,bw,0.175699739,0.940817863
796,L-BFGS-B,20,7,bw,0.188296013,0.922972702
797,L-BFGS-B,20,8,bw,0.191611223,0.935305458
798,L-BFGS-B,20,9,bw,0.201047402,0.908928445
799,L-BFGS-B,20,10,bw,0.175592869,0.943041559
800,L-BFGS-B,21,1,bw,0.177065941,0.939317541
801,L-BFGS-B,21,2,bw,0.17001319,0.938896933
802,L-BFGS-B,21,3,bw,0.214103473,0.919370415
803,L-BFGS-B,21,4,bw,0.184746166,0.938352853
804,L-BFGS-B,21,5,bw,0.174003248,0.940507134
805,L-BFGS-B,21,6,bw,0.182803377,0.935949976
806,L-BFGS-B,21,7,bw,0.19982535,0.917703976
807,L-BFGS-B,21,8,bw,0.168151931,0.941177244
808,L-BFGS-B,21,9,bw,0.198951514,0.921975858
809,L-BFGS-B,21,10,bw,0.16973236,0.948863191
810,L-BFGS-B,22,1,bw,0.208565724,0.906844063
811,L-BFGS-B,22,2,bw,0.165383317,0.946374419
812,L-BFGS-B,22,3,bw,0.203443412,0.920459848
813,L-BFGS-B,22,4,bw,0.184319249,0.933300955
814,L-BFGS-B,22,5,bw,0.171800609,0.946902297
815,L-BFGS-B,22,6,bw,0.172423867,0.938673649
816,L-BFGS-B,22,7,bw,0.197781261,0.931012811
817,L-BFGS-B,22,8,bw,0.176202686,0.938039047
818,L-BFGS-B,22,9,bw,0.16632275,0.951596749
819,L-BFGS-B,22,10,bw,0.157715072,0.950684806
820,L-BFGS-B,23,1,bw,0.191647535,0.931534433
821,L-BFGS-B,23,2,bw,0.173775031,0.931573551
822,L-BFGS-B,23,3,bw,0.186871154,0.938636981
823,L-BFGS-B,23,4,bw,0.204953909,0.919846614
824,L-BFGS-B,23,5,bw,0.192192913,0.916045839
825,L-BFGS-B,23,6,bw,0.161570994,0.955763072
826,L-BFGS-B,23,7,bw,0.212806379,0.909834921
827,L-BFGS-B,23,8,bw,0.177778216,0.943144498
828,L-BFGS-B,23,9,bw,0.181325448,0.933110353
829,L-BFGS-B,23,10,bw,0.190149613,0.928690968
830,L-BFGS-B,24,1,bw,0.186243052,0.939534252
831,L-BFGS-B,24,2,bw,0.151734108,0.954114687
832,L-BFGS-B,24,3,bw,0.169032471,0.947281831
833,L-BFGS-B,24,4,bw,0.190753577,0.924569171
834,L-BFGS-B,24,5,bw,0.163222596,0.949342351
835,L-BFGS-B,24,6,bw,0.173985962,0.933609938
836,L-BFGS-B,24,7,bw,0.19556524,0.930330147
837,L-BFGS-B,24,8,bw,0.21934427,0.908438753
838,L-BFGS-B,24,9,bw,0.187595557,0.930194859
839,L-BFGS-B,24,10,bw,0.180324823,0.939320605
840,L-BFGS-B,25,1,bw,0.177413399,0.947182197
841,L-BFGS-B,25,2,bw,0.167948295,0.943175147
842,L-BFGS-B,25,3,bw,0.157309018,0.95092251
843,L-BFGS-B,25,4,bw,0.196424535,0.932414223
844,L-BFGS-B,25,5,bw,0.162312251,0.935929099
845,L-BFGS-B,25,6,bw,0.199668756,0.921319014
846,L-BFGS-B,25,7,bw,0.176294932,0.935603616
847,L-BFGS-B,25,8,bw,0.182859736,0.935040176
848,L-BFGS-B,25,9,bw,0.203191505,0.92278832
849,L-BFGS-B,25,10,bw,0.190794518,0.937626611
850,L-BFGS-B,26,1,bw,0.172268032,0.942738776
851,L-BFGS-B,26,2,bw,0.178901281,0.937186758
852,L-BFGS-B,26,3,bw,0.164491643,0.940250616
853,L-BFGS-B,26,4,bw,0.179639679,0.944603245
854,L-BFGS-B,26,5,bw,0.18288534,0.937534401
855,L-BFGS-B,26,6,bw,0.218384928,0.903020566
856,L-BFGS-B,26,7,bw,0.162328867,0.957617833
857,L-BFGS-B,26,8,bw,0.203925296,0.913820732
858,L-BFGS-B,26,9,bw,0.15924088,0.950793565
859,L-BFGS-B,26,10,bw,0.213634514,0.900090875
860,L-BFGS-B,27,1,bw,0.183113164,0.937823961
861,L-BFGS-B,27,2,bw,0.186115853,0.934375528
862,L-BFGS-B,27,3,bw,0.172849437,0.937356953
863,L-BFGS-B,27,4,bw,0.178322651,0.939283825
864,L-BFGS-B,27,5,bw,0.210955224,0.905717563
865,L-BFGS-B,27,6,bw,0.184154422,0.931271257
866,L-BFGS-B,27,7,bw,0.168661811,0.948507908
867,L-BFGS-B,27,8,bw,0.164660104,0.944497514
868,L-BFGS-B,27,9,bw,0.176608171,0.941640175
869,L-BFGS-B,27,10,bw,0.163169595,0.953197363
870,L-BFGS-B,28,1,bw,0.165226738,0.949978169
871,L-BFGS-B,28,2,bw,0.171534772,0.94788336
872,L-BFGS-B,28,3,bw,0.207938384,0.90545726
873,L-BFGS-B,28,4,bw,0.152167447,0.951635555
874,L-BFGS-B,28,5,bw,0.212604875,0.911305955
875,L-BFGS-B,28,6,bw,0.206131751,0.915501049
876,L-BFGS-B,28,7,bw,0.193987806,0.920594223
877,L-BFGS-B,28,8,bw,0.197802244,0.930338536
878,L-BFGS-B,28,9,bw,0.172295531,0.946874466
879,L-BFGS-B,28,10,bw,0.157874094,0.953077878
880,L-BFGS-B,29,1,bw,0.171793141,0.940437797
881,L-BFGS-B,29,2,bw,0.211096349,0.912274741
882,L-BFGS-B,29,3,bw,0.175817135,0.934080235
883,L-BFGS-B,29,4,bw,0.169515178,0.946755281
884,L-BFGS-B,29,5,bw,0.16003015,0.95034919
885,L-BFGS-B,29,6,bw,0.194259299,0.920252551
886,L-BFGS-B,29,7,bw,0.169061281,0.939858809
887,L-BFGS-B,29,8,bw,0.211057038,0.926407736
888,L-BFGS-B,29,9,bw,0.190064785,0.935521849
889,L-BFGS-B,29,10,bw,0.154558449,0.957186687
890,L-BFGS-B,30,1,bw,0.212883135,0.913925324
891,L-BFGS-B,30,2,bw,0.197188288,0.929945121
892,L-BFGS-B,30,3,bw,0.169881135,0.946038317
893,L-BFGS-B,30,4,bw,0.187325199,0.937420456
894,L-BFGS-B,30,5,bw,0.191326399,0.927850401
895,L-BFGS-B,30,6,bw,0.182838455,0.93955199
896,L-BFGS-B,30,7,bw,0.181356623,0.93085191
897,L-BFGS-B,30,8,bw,0.159550501,0.951628162
898,L-BFGS-B,30,9,bw,0.171157769,0.93519259
899,L-BFGS-B,30,10,bw,0.204292226,0.916891498
